Object_ID,Object_Type,Component,Primitive,Local_Point,Scale,Shear,Rotation_X_deg,Rotation_Y_deg,Rotation_Z_deg,Translation,Matrix_Order,Matrix_or_Operation,Result_World_Point,Lighting_or_Use,Notes
ARENA_FLOOR,Arena,Floor slab,Unit Cube,"(0.5,0.5,0.5)","(60,0.2,100)","(0,0,0,0,0,0)",0,0,0,"(0,-0.1,-50)",T*Rz*Ry*Rx*H*S,Scale cube; identity shear/rotation; translate,"(30,0,-0)",Ambient + Diffuse,1 unit = 1 m
WALL_N,Boundary,North wall segment,Unit Cube,"(0.5,0.5,0.5)","(60,8,1)","(0.03,0,0,0,0,0)",0,0,0,"(0,4,-100)",T*Rz*Ry*Rx*H*S,Scale; small XY shear; translate,"(30.12,8,-99.5)",Ambient + Diffuse,Fortified boundary
BATTLEMENT_01,Boundary,Top block,Unit Cube,"(0.5,0.5,0.5)","(2,1.5,1.5)","(0,0,0,0,0,0)",0,0,0,"(-27,8.75,-99.5)",T*Rz*Ry*Rx*H*S,Scale and place on wall top,"(-26,9.5,-98.75)",Ambient + Diffuse,Repeated along wall
CARGO_01,Cargo,Crate,Unit Cube,"(0.5,0.5,0.5)","(3,3,3)","(0.05,0,0,0,0,0)",0,18,0,"(-12,1.5,-35)",T*Rz*Ry*Rx*H*S,Scale; shear; rotate Y; translate,"(-10.02,3.0,-34.04)",Ambient + Diffuse,Pseudo-random fixed seed
PISTOL_BODY,Weapon,Pistol body,Unit Cube,"(0.5,0.5,0.5)","(1.6,0.7,0.45)","(0.02,0,0,0,0,0)",-4,8,0,"(0.45,-0.35,-1.2)",T*Rz*Ry*Rx*H*S,Compact cube transformed by aim pitch/yaw,"(1.29,0.00,-1.02)",Ambient + Diffuse + Specular,Game model; ~25 m range
SHOTGUN_BODY,Weapon,Shotgun body,Unit Cube,"(0.5,0.5,0.5)","(2.8,0.75,0.55)","(0.03,0,0,0,0,0)",-3,6,0,"(0.55,-0.38,-1.4)",T*Rz*Ry*Rx*H*S,Long/wide cube transformed by aim,"(2.02,0.01,-1.28)",Ambient + Diffuse + Specular,Game model; ~18 m range
RIFLE_BODY,Weapon,Assault rifle body,Unit Cube,"(0.5,0.5,0.5)","(2.5,0.65,0.45)","(0.02,0,0,0,0,0)",-2,5,0,"(0.5,-0.35,-1.35)",T*Rz*Ry*Rx*H*S,Long/slim cube transformed by aim,"(1.79,-0.01,-1.24)",Ambient + Diffuse + Specular,Game model; ~70 m range
TARGET_01,Target,Target plate,Unit Cube,"(0.5,0.5,0.5)","(3.5,3.5,0.25)","(0,0,0,0,0,0)",0,20,0,"(8,5,-42)",T*Rz*Ry*Rx*H*S,Thin plate; rotate Y; place at target position,"(9.69,6.75,-42.48)",Ambient + Diffuse + Specular,Moves horizontally
TARGET_STAND_01,Target,Stand,Unit Cube,"(0.5,0.5,0.5)","(0.35,4,0.35)","(0,0,0,0,0,0)",0,0,0,"(8,2,-42)",T*Rz*Ry*Rx*H*S,Tall thin support,"(8.18,4,-41.83)",Ambient + Diffuse,Follows target X/Z
PISTOL_PROJ,Projectile,Pistol projectile visual,Unit Cube,"(0.5,0.5,0.5)","(0.10,0.10,0.25)","(0,0,0,0,0,0)",0,8,0,"(0.5,1.5,-3)",T*Rz*Ry*Rx*H*S,Small cube aligned to shot direction,"(0.57,1.55,-2.88)",Diffuse + Specular,Visual game projectile
SHOTGUN_PELLET,Projectile,One shotgun pellet visual,Unit Cube,"(0.5,0.5,0.5)","(0.08,0.08,0.18)","(0,0,0,0,0,0)",1,7,2,"(0.5,1.5,-3)",T*Rz*Ry*Rx*H*S,Small cube with angular offset,"(0.55,1.54,-2.91)",Diffuse + Specular,Multiple offsets create spread
RIFLE_PROJ,Projectile,Rifle projectile visual,Unit Cube,"(0.5,0.5,0.5)","(0.13,0.13,0.30)","(0,0,0,0,0,0)",0,5,0,"(0.5,1.5,-3)",T*Rz*Ry*Rx*H*S,Larger visual than pistol projectile,"(0.58,1.57,-2.86)",Diffuse + Specular,Long-range game visualization
LAMP_POLE_01,Lighting,Lamp pole,Unit Cube,"(0.5,0.5,0.5)","(0.3,6,0.3)","(0,0,0,0,0,0)",0,0,0,"(-25,3,-20)",T*Rz*Ry*Rx*H*S,Tall cube at arena side,"(-24.85,6,-19.85)",Receives scene lighting,Supports point light
LAMP_HEAD_01,Lighting,Lamp head,Unit Cube,"(0.5,0.5,0.5)","(1.0,0.45,0.7)","(0.05,0,0,0,0,0)",0,0,-10,"(-25,6.2,-20)",T*Rz*Ry*Rx*H*S,Scale; shear; rotate; translate,"(-24.44,6.33,-19.65)",Point/Spot source visualization,Enabled at night
SUN_VIS,Environment,Sun cube assembly,Unit Cube,"(0.5,0.5,0.5)","(4,4,4)","(0,0,0,0,0,0)",0,25,15,"(25,35,-70)",T*Rz*Ry*Rx*H*S,Large transformed cube-based visual,"(27.09,37.45,-69.56)",Directional light source,Visible in day mode
