"Source","ReportImage","SHA256"
"docs/images/release-arena.png","docs/images/report/game/release-arena.png","6D6CC4149DC0E0CC2A9D3E457CC07009FD856E0F25BFD57A97515D76F9BBB772"
"docs/images/release-equipment.png","docs/images/report/game/release-equipment.png","EB1CCE46D3CCFEF4A98E4598A75ACF9A21D54F3B92AD90294798B2FD3AB4639D"
"docs/images/release-level-1.png","docs/images/report/game/release-level-1.png","FBF68F2796C48C196A90095E4BF7EFF970A3D7C87D5CD4038F5C2DEE249B0A8A"
"docs/images/release-level-2.png","docs/images/report/game/release-level-2.png","7CDDA0198066500B1323BDF45F4E0E845714D5FEF5EC62E0D2379388D1319FA6"
"docs/images/release-level-3.png","docs/images/report/game/release-level-3.png","9470EF531C64EF7CF81C3C5BE74AAB76497BE0822C2094162BEA95674C3B848D"
"docs/images/release-level-4.png","docs/images/report/game/release-level-4.png","C30A7A786C98BC0E342B781AA2064F0462137197BD46EB8206A6FE0D80451700"
"docs/images/release-level-5.png","docs/images/report/game/release-level-5.png","C60059E86248060028B2897A6F4995AC2D457766DD5DF4C78F8C8FAF6968862E"
"docs/images/release-level-6.png","docs/images/report/game/release-level-6.png","43ECD014F73A096C5E504D7557725E5AC4A44A41CCA1ABA442928383723F3653"
"docs/images/release-level-7.png","docs/images/report/game/release-level-7.png","EC48682008DEE81AE3772968D4B41FD449F02BD5B97B3F7B3BA0811D9F833902"
"docs/images/release-level-7-results.png","docs/images/report/game/release-level-7-results.png","3676AB8E8CF5503626F666B7AFF9D14D7EC48C0B1C3A1368D1AB4D562F43C0D6"
"docs/images/release-masonry.png","docs/images/report/game/release-masonry.png","DF0A281F8384D8D27E23AAD684EE998F85310337FF25017CDA8FE8CC4AB52D60"
"docs/images/release-observation.png","docs/images/report/game/release-observation.png","0B93FE8316BD415FE20112802AB511470F46BC56A614258F8467A06B15B5DD00"
"docs/images/release-overhead.png","docs/images/report/game/release-overhead.png","D88F508E23D500D32CABDF1E8896E08AD32922EB4B7230643C5A0458A560C317"
"docs/images/release-pistol.png","docs/images/report/game/release-pistol.png","45761D557CD7244D0BBEA6D9546397629930DFAA30BD0F634C4F4406AB958DE8"
"docs/images/release-textured-environment.png","docs/images/report/game/release-textured-environment.png","0A5246AFC93523BE0679CCB73C47466500889F99D64076A330717E4649E14B64"
"lighting/day-2-mask-1.png","docs/images/report/lighting/day-2-mask-1.png","F9B839469C6D22019177691386CB2BF67A5194BDFEF0418DDE6B0AAF1868294B"
"lighting/day-2-mask-15.png","docs/images/report/lighting/day-2-mask-15.png","334909F37705A153D7480639DEAA4192FFAE3663A3CB7FE666C70D2A7224CBB6"
"lighting/day-2-mask-2.png","docs/images/report/lighting/day-2-mask-2.png","745077AB1465A7AA22B703258C30CF2927A7C9B4EC75F1DA34BF387F9C071AE9"
"lighting/fixture-0.png","docs/images/report/lighting/fixture-0.png","1E3D55E651C0F601FA832B69F5EB1DCEFA5FE43712C7D9D9F644B7E9270AE5F6"
"lighting/fixture-8.png","docs/images/report/lighting/fixture-8.png","939D7CEA43A0A621AEBE2F68B13A198F486EE1574443A8EBC7AF8879C93238B4"
"lighting/night-0-mask-15.png","docs/images/report/lighting/night-0-mask-15.png","F7FBB2D4DAB8102135735AF7A0B367AAD12BF0A487EF51FC698A16AC165AA6B7"
"lighting/night-0-mask-15-close.png","docs/images/report/lighting/night-0-mask-15-close.png","852551A4676182E63E65E2D5AEDD0ADDF587A4273350D0CB004372319B17DACD"
"lighting/night-1-mask-15.png","docs/images/report/lighting/night-1-mask-15.png","65F148B736CFEAB4E6202CED69AED38B09CE79AE9C218D292743E24A97ADD3DC"
"lighting/night-1-mask-15-close.png","docs/images/report/lighting/night-1-mask-15-close.png","BC89E0EFC17ED03DFE5E9914CE5F115D3F19A3940C7DF64E1C4E1B2F34B05FCB"
"lighting/night-2-mask-13.png","docs/images/report/lighting/night-2-mask-13.png","049067A0ED3349BB4B0180A45827F717A195DF6D5A2189D4190A2ECD66584C78"
"lighting/night-2-mask-15.png","docs/images/report/lighting/night-2-mask-15.png","049067A0ED3349BB4B0180A45827F717A195DF6D5A2189D4190A2ECD66584C78"
"lighting/night-2-mask-15-close.png","docs/images/report/lighting/night-2-mask-15-close.png","2F074CE20F36C028CE5FFC5AC4056751C4077D9CE90EA7263D7DB461A1953368"
"lighting/night-2-mask-4.png","docs/images/report/lighting/night-2-mask-4.png","6B513A19124FB0FD829A1196DE67E5D53908B66D22A60036E7050FE9592A7328"
"lighting/night-2-mask-8.png","docs/images/report/lighting/night-2-mask-8.png","7C11F82D490DCC745E31422028F27C0C349CB93EA9B54B89A9E2E94E7421A8F7"
"lighting/point-floor-offset-1.png","docs/images/report/lighting/point-floor-offset-1.png","708C84E5608AA30CD7AF4100656AC4C9DEFC33070F26905941FAFE67CEF0335B"
"lighting/point-floor-offset-12.png","docs/images/report/lighting/point-floor-offset-12.png","1015A2DC30918E540E45514AAFC2CABA5DE6CE278F057A2EBEA558D6D7E69F76"
"lighting/point-floor-offset-5.png","docs/images/report/lighting/point-floor-offset-5.png","59A7026E8780E316D33170A507E1B1584DDD99460BBE3FFC59344845C52D073C"
"lighting/spot-angle-0.png","docs/images/report/lighting/spot-angle-0.png","A6B3370AE0164F08DA3BAFF690AFC206F7FE2A5A8D171A07C11125B0BD77DC48"
"objects/arena-floor-slab/complete.png","docs/images/report/objects/arena-floor-slab/complete.png","C1FEE68526DB251641F83E92E6BB73281BA4908635025E473D737DAC65D03BDC"
"objects/arena-floor-slab/part-0-0.png","docs/images/report/objects/arena-floor-slab/part-0-0.png","8810215B5D2098AB3D4D1F4A477C299E250A485367C8D5BFF6E6452C628BC0B1"
"objects/arena-floor-slab/part-0-1.png","docs/images/report/objects/arena-floor-slab/part-0-1.png","8952AC7C06592818169868ABE9D8C7ED70555250296443C61A22CFB7DB106F1C"
"objects/arena-floor-slab/part-0-6.png","docs/images/report/objects/arena-floor-slab/part-0-6.png","C1FEE68526DB251641F83E92E6BB73281BA4908635025E473D737DAC65D03BDC"
"objects/bird/assembly-1.png","docs/images/report/objects/bird/assembly-1.png","A322B21F9AA309B242DAEC01537C44CDC5BE619C3A05D6CBBE1C30CC8C0AB71C"
"objects/bird/assembly-10.png","docs/images/report/objects/bird/assembly-10.png","CE95304A98716B9654BD432499934E36E3108F9A77D3C643C7C2F8AFD00534D9"
"objects/bird/assembly-2.png","docs/images/report/objects/bird/assembly-2.png","4C7130D5D585591959314D37F2A8D039A367FFB816F958850E5C5A927F236DB9"
"objects/bird/assembly-3.png","docs/images/report/objects/bird/assembly-3.png","9095BA14AB8D0E0D5F83C163E3C92C4B8276AE6EC29D4F9BA1CC59BE4C693DDE"
"objects/bird/assembly-4.png","docs/images/report/objects/bird/assembly-4.png","144E8CEA9A459383FD60BD7C42511C5D9C41268FC87FCB22714C4EB2B70D973C"
"objects/bird/assembly-5.png","docs/images/report/objects/bird/assembly-5.png","6AFF3C1D62417D0A3109ACB3015DDA057FF416AA82605556AE6CCBBB23DA9F56"
"objects/bird/assembly-6.png","docs/images/report/objects/bird/assembly-6.png","6AFF3C1D62417D0A3109ACB3015DDA057FF416AA82605556AE6CCBBB23DA9F56"
"objects/bird/assembly-7.png","docs/images/report/objects/bird/assembly-7.png","7F109F35D8D0035EF3B539D73CD2B8619F2A95A94E864DC7D7EBE8EC0CF73A56"
"objects/bird/assembly-8.png","docs/images/report/objects/bird/assembly-8.png","A4CE0FAB0DE37B42216FE4189E1892E2CBE978AA8DA01A7128FC80847C5F03F7"
"objects/bird/assembly-9.png","docs/images/report/objects/bird/assembly-9.png","C27EDD30BA8DF889DF0A371CF1A3A589DD399D3974A66220761ED4C4E80D33D2"
"objects/boundary-east-wall/part-0-0.png","docs/images/report/objects/boundary-east-wall/part-0-0.png","4E0D5D96092CD792B703B2113FC07D2A7BE15A37600190788EBA591249EC9FD2"
"objects/boundary-east-wall/part-0-1.png","docs/images/report/objects/boundary-east-wall/part-0-1.png","06A1B7243BD8EFD45D0943A325E2B553EFD58473670AB17AA6DD8C04086C0B83"
"objects/boundary-east-wall/part-0-4.png","docs/images/report/objects/boundary-east-wall/part-0-4.png","A64925D627684533F9E55B21B0CB959038E4E08CD2D86F701D0DC2878101396E"
"objects/boundary-east-wall/part-0-6.png","docs/images/report/objects/boundary-east-wall/part-0-6.png","98761116BDB8029349E40F14D247A3A93847853AE4856D9DB6522763CBC4DE0F"
"objects/boundary-sheared-stone-support/part-0-1.png","docs/images/report/objects/boundary-sheared-stone-support/part-0-1.png","31AED47B1FFF105B22700D5230304CC3ECB1A5D343E2C317EF824DBB95B41CFD"
"objects/boundary-sheared-stone-support/part-0-2.png","docs/images/report/objects/boundary-sheared-stone-support/part-0-2.png","BA72C310D9A63C5C2E7B77314278D8B306BCE20B8396A0AA30949878E81CFCEC"
"objects/boundary-sheared-stone-support/part-0-5.png","docs/images/report/objects/boundary-sheared-stone-support/part-0-5.png","5C8876F0CA56FE62E0EBE0B1366C9A4BF977EF5355B8C9A0EDD0B4887DF411CD"
"objects/boundary-sheared-stone-support/part-0-6.png","docs/images/report/objects/boundary-sheared-stone-support/part-0-6.png","E985DD1FCE25671E84369A69AC6E21B7FDA0A1A8BC0281F49DCD428693B7CBAD"
"objects/cargo-crate/assembly-1.png","docs/images/report/objects/cargo-crate/assembly-1.png","159B672E03137BABBB5F7789F9925A57E39138AC564084C11124850FFAC32490"
"objects/cargo-crate/assembly-2.png","docs/images/report/objects/cargo-crate/assembly-2.png","2E77C1F4EE46D93A242A4AEDF585EAF807F4A516210F5D459858AFB6AAA3F002"
"objects/cargo-crate/assembly-3.png","docs/images/report/objects/cargo-crate/assembly-3.png","59378C729A4F1CD19394A8121A91DE6A95A78EA1B6511AB96D8E88633182AE35"
"objects/cargo-crate/assembly-4.png","docs/images/report/objects/cargo-crate/assembly-4.png","F3D038D61B6DB876AC85BC4CC24C289D3B8BD41065C6D2FB07C1B8A61B696AC8"
"objects/human/assembly-1.png","docs/images/report/objects/human/assembly-1.png","13AEA711BAAFF5C481B93FB0A0906A889ED32BF9BE3AA70C92EE15E559295E74"
"objects/human/assembly-10.png","docs/images/report/objects/human/assembly-10.png","9222887036DF64B1DD0C7D8F9C075B3F31FDEFAA9EF28681EA5B5B56B8CA588E"
"objects/human/assembly-11.png","docs/images/report/objects/human/assembly-11.png","9222887036DF64B1DD0C7D8F9C075B3F31FDEFAA9EF28681EA5B5B56B8CA588E"
"objects/human/assembly-12.png","docs/images/report/objects/human/assembly-12.png","DB5D6DB56D76CC05FE6EC4B4E6122600F0E212D0E3637B867D0C3DD7AC36D0AF"
"objects/human/assembly-13.png","docs/images/report/objects/human/assembly-13.png","C3C25E6A14DBE59C2C6DEB1E6E3B4D75F86F9179EF4EAE8B311A7EE464F9CFE4"
"objects/human/assembly-14.png","docs/images/report/objects/human/assembly-14.png","50E86D4182105306C043284108BFCC09860B64A6FB0FBA5E9198798A19F0FC40"
"objects/human/assembly-15.png","docs/images/report/objects/human/assembly-15.png","133B727E9F05EDF2458F9EB7C2C69F3BBF0F729A5B5696F9A3986129B18986DA"
"objects/human/assembly-16.png","docs/images/report/objects/human/assembly-16.png","5DD2FACAE07C960D0A5903C463E46BBFB6FF81113942D75D2B803A7F2FDCCE39"
"objects/human/assembly-17.png","docs/images/report/objects/human/assembly-17.png","9F630420892DCA5EEFB33AC45F7A811A7E46879CDFE068AF0B0A1F39FE3EBD1F"
"objects/human/assembly-18.png","docs/images/report/objects/human/assembly-18.png","9F630420892DCA5EEFB33AC45F7A811A7E46879CDFE068AF0B0A1F39FE3EBD1F"
"objects/human/assembly-19.png","docs/images/report/objects/human/assembly-19.png","DCF7A386AAA46C7CD664F27830846B664999D929B794E94994BC1B18592D65BA"
"objects/human/assembly-2.png","docs/images/report/objects/human/assembly-2.png","12C952ED4551177E5C137BB2969BBD2AE8A2B38029842D6FA857377B1209A98A"
"objects/human/assembly-20.png","docs/images/report/objects/human/assembly-20.png","078B564CBF39CEC2CD116B6B96D77CA4A8140D08501093E31717BED7D1698B9A"
"objects/human/assembly-21.png","docs/images/report/objects/human/assembly-21.png","8DBE97F7F207F7C49138050AFD90599E16F755A8137C630FDB1B620F3684A7DF"
"objects/human/assembly-3.png","docs/images/report/objects/human/assembly-3.png","FCEA8F44D4D0FDD5AAA6A65EBD646997B6A6CB27B9BDFF9C2400F627348E15AF"
"objects/human/assembly-4.png","docs/images/report/objects/human/assembly-4.png","D19D29249F82C7E2EF7959A3A7EC725CA7B3106ADD19A325A7DC2A8820D5A5D8"
"objects/human/assembly-5.png","docs/images/report/objects/human/assembly-5.png","A1A38C769B3F218D7469830D979BE7D16B49313C4F0A9A35904E4F1299C25D63"
"objects/human/assembly-6.png","docs/images/report/objects/human/assembly-6.png","30C834B4549D384215DD724FD65645ACA10132FE95E9071362CE976C3E56AB7B"
"objects/human/assembly-7.png","docs/images/report/objects/human/assembly-7.png","30C834B4549D384215DD724FD65645ACA10132FE95E9071362CE976C3E56AB7B"
"objects/human/assembly-8.png","docs/images/report/objects/human/assembly-8.png","EEE5EE662CD8FEEE86C79DC274B9DF8C3071AAA59668C1A94359FE692029858C"
"objects/human/assembly-9.png","docs/images/report/objects/human/assembly-9.png","B43660BD41D0E1D23E8AD9125F9156C8DDEFC3A3FD788F0254A7A8C36A268B7F"
"objects/projectile-assault-rifle/part-0-0.png","docs/images/report/objects/projectile-assault-rifle/part-0-0.png","F4041D21A2025BB3585AAE794249CB9BB8CE466498F9031A9041786C6400A946"
"objects/projectile-assault-rifle/part-0-1.png","docs/images/report/objects/projectile-assault-rifle/part-0-1.png","08BCD13C0865740A2DDD707E2ED3FE7C5B8244B2F15A9E7CB2D2E876DD361635"
"objects/projectile-assault-rifle/part-0-6.png","docs/images/report/objects/projectile-assault-rifle/part-0-6.png","AA8A8477E8E866E691835DB251A9CB86A7DF357E999BBBADAB6C33273BD4E2C7"
"objects/projectile-pistol/part-0-0.png","docs/images/report/objects/projectile-pistol/part-0-0.png","F4041D21A2025BB3585AAE794249CB9BB8CE466498F9031A9041786C6400A946"
"objects/projectile-pistol/part-0-1.png","docs/images/report/objects/projectile-pistol/part-0-1.png","978A188384EAE31519FD412E598628534A7010444E7A3A4CF625D5729424495E"
"objects/projectile-pistol/part-0-6.png","docs/images/report/objects/projectile-pistol/part-0-6.png","218C863F1B72BAF1C2BA272875992A12BE4A17D260E974A0212DEC91D2F2D445"
"objects/projectile-shotgun/part-0-0.png","docs/images/report/objects/projectile-shotgun/part-0-0.png","F4041D21A2025BB3585AAE794249CB9BB8CE466498F9031A9041786C6400A946"
"objects/projectile-shotgun/part-0-1.png","docs/images/report/objects/projectile-shotgun/part-0-1.png","432EF7D1463327CDB76F569AF3496EF81084F3A12F31434D3B751D460AD4D77E"
"objects/projectile-shotgun/part-0-6.png","docs/images/report/objects/projectile-shotgun/part-0-6.png","CF7EAE9B604060ECF99A77D6C37C467DFD1668943392D921856F57EE2FADE4E2"
"objects/target/assembly-1.png","docs/images/report/objects/target/assembly-1.png","DFCC516B107C9CAC10BF3777BB0A22A23BABB87FBB585FDBCF11374DA509BD2B"
"objects/target/assembly-10.png","docs/images/report/objects/target/assembly-10.png","194466520C188FD3B107C608875F0C938228424E65D4219CC546AB1BCBD8AFDB"
"objects/target/assembly-11.png","docs/images/report/objects/target/assembly-11.png","3D86FE262E610ACBCA3A8F7711664E7AEF62664EC8585261CF1D8087C3AE8AD7"
"objects/target/assembly-12.png","docs/images/report/objects/target/assembly-12.png","2F0DB9CCAF72FC57D0ED75BC965176A4756A25A94E21266BC5D71CB3B5855A0B"
"objects/target/assembly-13.png","docs/images/report/objects/target/assembly-13.png","8A7726EE58FAA6FC5396302A917F2407AA5F1AD315A71DA1431AD494FC11BA82"
"objects/target/assembly-14.png","docs/images/report/objects/target/assembly-14.png","C05940A4968ED7445ABF54F47214EEC9552F9167C17CA243A66B1A8C5762201B"
"objects/target/assembly-15.png","docs/images/report/objects/target/assembly-15.png","4CCA6BD1AF1AE2D1675DDFD6A70BD9ACFB6D1BED90A586EECAC486FE0AE621F2"
"objects/target/assembly-16.png","docs/images/report/objects/target/assembly-16.png","3FDED8AE89FCA9DD914076046F3337DEDECECF799687C413C3F01DC9EDD87AD0"
"objects/target/assembly-17.png","docs/images/report/objects/target/assembly-17.png","4E1178D5228962458B22F0601B832F20324AF00B3FC6650E6E25006FBC994928"
"objects/target/assembly-18.png","docs/images/report/objects/target/assembly-18.png","0EF98539CC4A154640409341756A4A686988FB4248E135853F76F14ADD848536"
"objects/target/assembly-19.png","docs/images/report/objects/target/assembly-19.png","DC5F1B6D7F3FF8B4CA86AB7D2EDE584C2E97461C484509FFC567D38F99808493"
"objects/target/assembly-2.png","docs/images/report/objects/target/assembly-2.png","CDA5647F1F107248AFA2DB9B599D9692F30DD2E8465780FA175E3D28383E4126"
"objects/target/assembly-20.png","docs/images/report/objects/target/assembly-20.png","C043897FBE8F433B62358130612DD99281494577FEFDCB1A3AAE41CA699309BB"
"objects/target/assembly-21.png","docs/images/report/objects/target/assembly-21.png","0881107DB5CD81CF3375C269CB36BB42FFF45B4951D803CCC33B23B80E17B40F"
"objects/target/assembly-22.png","docs/images/report/objects/target/assembly-22.png","1F90DB23778F59B738CB01C44794DA74524BDC5B3C391F92AC31253000D97EBC"
"objects/target/assembly-23.png","docs/images/report/objects/target/assembly-23.png","11476CC4BE13ED4CA6D0F85960CEF0C0BBCF1666AE444D29D5D4C9CB85AD7039"
"objects/target/assembly-24.png","docs/images/report/objects/target/assembly-24.png","447A11AB3FE12F574F519B5F85E78EB8B026A23EFBA513241011EB3CBA455E38"
"objects/target/assembly-25.png","docs/images/report/objects/target/assembly-25.png","B55F8C0A5FDEFC7715BDBF0092FA684153EE2A84D40E4C908952E0B061DF9B5D"
"objects/target/assembly-26.png","docs/images/report/objects/target/assembly-26.png","F1FC5D01E1F64A9C14FD4A6CC4AF5A0D38E82982D2B92B06432B682FED91B25B"
"objects/target/assembly-27.png","docs/images/report/objects/target/assembly-27.png","E4FD74D6DBD9B35191C62319250A17671D6401413D92ABD77E6661AC56F7CFAB"
"objects/target/assembly-28.png","docs/images/report/objects/target/assembly-28.png","A9004A40DF71489DD684811BAFAA5D4E719BF3CC8329391883120CBA46D905FA"
"objects/target/assembly-29.png","docs/images/report/objects/target/assembly-29.png","E9DF18AEA85E844E6C2D20B1303213150B43FA166A5B66C9A1A04151E16EE422"
"objects/target/assembly-3.png","docs/images/report/objects/target/assembly-3.png","A19E6A9A1E71F0AB156D5D37AC05FA1C75E7DA2638A54E3B353B902F56232B01"
"objects/target/assembly-30.png","docs/images/report/objects/target/assembly-30.png","C0662BACC577F83CC77FA072D194D212A4039ECFBC361465DC78900A13FAB92B"
"objects/target/assembly-31.png","docs/images/report/objects/target/assembly-31.png","4470187FE6E5EB867E8ED718ED35671B57A7F394F5F47211E9B6BC61F80AE7C8"
"objects/target/assembly-32.png","docs/images/report/objects/target/assembly-32.png","56C0F9D1233A4F77B20057B322C4573FC1739DBCB674380725E8934FE960B2AA"
"objects/target/assembly-33.png","docs/images/report/objects/target/assembly-33.png","39CC0CB46F99E2BDDC5C7C40EEB7F734F4E52FEC349BBE28F1071E223245BB80"
"objects/target/assembly-34.png","docs/images/report/objects/target/assembly-34.png","33584ABEA163203F9D36636B0B8F078B2F464B752DAA83E633CDBB1E2563DFCF"
"objects/target/assembly-35.png","docs/images/report/objects/target/assembly-35.png","D891100D1226EE6CEAFE8800E02B984D6D9AE042157A607FC43722A5EB6548A1"
"objects/target/assembly-36.png","docs/images/report/objects/target/assembly-36.png","004242A3610420B19BDCFFEA45EA06A0B78412DB2E76AB4D5BE645C0E096083F"
"objects/target/assembly-37.png","docs/images/report/objects/target/assembly-37.png","7C1C03F01609976D1CAA8717E24554C0A9BC798A0B4CA20FF1BA7BD396BC7BF9"
"objects/target/assembly-38.png","docs/images/report/objects/target/assembly-38.png","6C9DA2801E0509EE8EC9F1D785BB4DEA725ECD8A567DDF04CA89B2DC542CAED6"
"objects/target/assembly-4.png","docs/images/report/objects/target/assembly-4.png","B4F1BACB5381A5123E166D75BA306BFBAF97DAE5385EE8E4798A3F574EA6A816"
"objects/target/assembly-5.png","docs/images/report/objects/target/assembly-5.png","1E911731CD7B5C8E155512C52E986103C608BB0EFDE0BDDAD475CDDC2CED1896"
"objects/target/assembly-6.png","docs/images/report/objects/target/assembly-6.png","B9A1DDB2F426487895256726F08351CAB764BDAD86E1A25E93A7B85852D7F15D"
"objects/target/assembly-7.png","docs/images/report/objects/target/assembly-7.png","01D1200C31686EC2F4344A9FC06652447D6C6BD8F97122242A7C33C71E0612B2"
"objects/target/assembly-8.png","docs/images/report/objects/target/assembly-8.png","C20CD55FE6F79BA7A1E49ADFA121182ACC500D8CCEFD6E9DA33E034FC46760BE"
"objects/target/assembly-9.png","docs/images/report/objects/target/assembly-9.png","54D8E4EF0BF3D91C06F43A1B68E89A0A70AE56B4865AD8E7D079B1D36CE8DEF0"
"objects/weapon-pistol/assembly-1.png","docs/images/report/objects/weapon-pistol/assembly-1.png","D8B3FE71B59B3A55059FCCAA67854CA79F0C6A56B6FAFA3CAB4B1BB33E01D832"
"objects/weapon-pistol/assembly-10.png","docs/images/report/objects/weapon-pistol/assembly-10.png","63B3768AFD82548ACBCDD0D3D8C25856087FC0885EACB4D2D4E2F819BD40424B"
"objects/weapon-pistol/assembly-11.png","docs/images/report/objects/weapon-pistol/assembly-11.png","1846FD68D2371BBF7C07FCEF8AAE56E6CA5528CF7BC99FF6D2A8A70FA572B69D"
"objects/weapon-pistol/assembly-2.png","docs/images/report/objects/weapon-pistol/assembly-2.png","7E6814AB25CB95828C70F8EB1BA03E1DEA6AEADF7FD8A8A505E185484B24E470"
"objects/weapon-pistol/assembly-3.png","docs/images/report/objects/weapon-pistol/assembly-3.png","2F36F1F46D2213A02503ABFED8BA4A3196E1B07E47148B0D7B8C9E08641BD82A"
"objects/weapon-pistol/assembly-4.png","docs/images/report/objects/weapon-pistol/assembly-4.png","E4946E885C4F8697A7B7706DD6E081F38E51CE59D253FB895A771BB7F237469B"
"objects/weapon-pistol/assembly-5.png","docs/images/report/objects/weapon-pistol/assembly-5.png","E4946E885C4F8697A7B7706DD6E081F38E51CE59D253FB895A771BB7F237469B"
"objects/weapon-pistol/assembly-6.png","docs/images/report/objects/weapon-pistol/assembly-6.png","F822C0491A3EE06FBCE6F746B75CAA09B68ADE54041815DC696C2307023B61C3"
"objects/weapon-pistol/assembly-7.png","docs/images/report/objects/weapon-pistol/assembly-7.png","0D37EB4DB83D8CD166F408F4C9C94FBC92D69BC8D5301212B27385245556DE38"
"objects/weapon-pistol/assembly-8.png","docs/images/report/objects/weapon-pistol/assembly-8.png","B5B20E40572A927FB5463BFB634778B5675C17A083B348B116887544BE16F5F7"
"objects/weapon-pistol/assembly-9.png","docs/images/report/objects/weapon-pistol/assembly-9.png","0B9EEA1C1D0067DC0F5FBA056B540A10E601FD765E5506BDC439620BBDDF5CE0"
"objects/weapon-rifle/assembly-1.png","docs/images/report/objects/weapon-rifle/assembly-1.png","D79178725F9EB716D9D4C8B1E9466EB9315CB095C5EBC2AACAE4B02B5D11A433"
"objects/weapon-rifle/assembly-10.png","docs/images/report/objects/weapon-rifle/assembly-10.png","90000A334D809EE0680690B0AF92E31D71A42A84BA243572A5CD5FD391BF73F7"
"objects/weapon-rifle/assembly-11.png","docs/images/report/objects/weapon-rifle/assembly-11.png","90000A334D809EE0680690B0AF92E31D71A42A84BA243572A5CD5FD391BF73F7"
"objects/weapon-rifle/assembly-12.png","docs/images/report/objects/weapon-rifle/assembly-12.png","2AE2279C69FAC903ABB058F9D4B4A46C9542700A15F0533DC74C75B19DDC4762"
"objects/weapon-rifle/assembly-13.png","docs/images/report/objects/weapon-rifle/assembly-13.png","46FFFBF960C14B20FF18F41B14F4C4C8A1E77C8FBDCF3DF186295CE83722321B"
"objects/weapon-rifle/assembly-14.png","docs/images/report/objects/weapon-rifle/assembly-14.png","D6841E8ECCFCE24E33D9161A51FE7EEFB8C200A6684BDD1F582D070E6E1079B3"
"objects/weapon-rifle/assembly-15.png","docs/images/report/objects/weapon-rifle/assembly-15.png","E00F3DFE8E02BF5E9D837EEADDD10A0F63170F02FB0DB6C2515442C59C4B9B81"
"objects/weapon-rifle/assembly-2.png","docs/images/report/objects/weapon-rifle/assembly-2.png","5CCCEDE9DC227B8F632875ED2BEA475AB30DAB08F70411B28EB966F2C7C39D04"
"objects/weapon-rifle/assembly-3.png","docs/images/report/objects/weapon-rifle/assembly-3.png","C9A7ED37398A93F278EFE6EB5E7B49FBDC31E393D953165148E243537BD1C899"
"objects/weapon-rifle/assembly-4.png","docs/images/report/objects/weapon-rifle/assembly-4.png","BC235C01E9FFFD6C38F2CF5799C7F3E6F57118C6E835F05F9B2F578682078905"
"objects/weapon-rifle/assembly-5.png","docs/images/report/objects/weapon-rifle/assembly-5.png","52CB4DBDA1BFA543F2CB8336A976A9F25B39AB4ED144DD28E037F8132AD48A43"
"objects/weapon-rifle/assembly-6.png","docs/images/report/objects/weapon-rifle/assembly-6.png","276471BD1D86645E6EE832D311E90C25C1E51A3FCE17FEA28BA60367C7EA8D56"
"objects/weapon-rifle/assembly-7.png","docs/images/report/objects/weapon-rifle/assembly-7.png","7BDB288EEA3E52CA6340EE9DFA1657D2D2A75ABA103603FA9E6D52CA6DE7FF37"
"objects/weapon-rifle/assembly-8.png","docs/images/report/objects/weapon-rifle/assembly-8.png","5466CF2C8488E311FFC2D0865D1EDA1D614DEA3F4A3F2D1443C023155207BEB1"
"objects/weapon-rifle/assembly-9.png","docs/images/report/objects/weapon-rifle/assembly-9.png","5466CF2C8488E311FFC2D0865D1EDA1D614DEA3F4A3F2D1443C023155207BEB1"
"objects/weapon-shotgun/assembly-1.png","docs/images/report/objects/weapon-shotgun/assembly-1.png","AAFCCFD546E3CC5F6AE595F173623395E588182D6157B126EABB9464CDF34501"
"objects/weapon-shotgun/assembly-10.png","docs/images/report/objects/weapon-shotgun/assembly-10.png","2625B6EE7414AB76FF98993D238E41C986FD432090F19A34C9E90305E95070DC"
"objects/weapon-shotgun/assembly-11.png","docs/images/report/objects/weapon-shotgun/assembly-11.png","CD95F7B9890AFA4CDE1A7EB5CA0B9BF7AE6E4BA76B17AD5E8242D70166D98CDC"
"objects/weapon-shotgun/assembly-12.png","docs/images/report/objects/weapon-shotgun/assembly-12.png","360131881256E57A4C08FD1045130AC33E65CB36487B9DE5DC91778D6997D2FF"
"objects/weapon-shotgun/assembly-13.png","docs/images/report/objects/weapon-shotgun/assembly-13.png","DFFD58C92BD02EE75CCB5C6349BE9FB26C0DC2229C3DAEB86AB21C7122C0151C"
"objects/weapon-shotgun/assembly-14.png","docs/images/report/objects/weapon-shotgun/assembly-14.png","3F169F543B1D5A46647E69C2AB585BF302EB94216E1FD090FCAB848DD2FE0793"
"objects/weapon-shotgun/assembly-2.png","docs/images/report/objects/weapon-shotgun/assembly-2.png","29816698666B1F9870C1DE07734DD00014E2C6856CF04C458F55A40F24027B2D"
"objects/weapon-shotgun/assembly-3.png","docs/images/report/objects/weapon-shotgun/assembly-3.png","EA9B86FFDA9EE88A72C08F3E0160B349B9F849E6EDE48FF0952757688BB746AD"
"objects/weapon-shotgun/assembly-4.png","docs/images/report/objects/weapon-shotgun/assembly-4.png","61D9C543CDE1DBF1D99849E37998E8D75531BFFC1A08E5FE457AAB01A1721287"
"objects/weapon-shotgun/assembly-5.png","docs/images/report/objects/weapon-shotgun/assembly-5.png","9D69E8C75803AE6854E9BC41DD98E104770C2C868E85F077D96049525B66A72A"
"objects/weapon-shotgun/assembly-6.png","docs/images/report/objects/weapon-shotgun/assembly-6.png","0CBC2E6074EB0308F165F67B9E0DF0EB485C64B5502794970FF7E0EA7332A1DC"
"objects/weapon-shotgun/assembly-7.png","docs/images/report/objects/weapon-shotgun/assembly-7.png","52BAD1E6C8452888F2D5F442660B281568B7FA55566BA9011FF306F0C267029B"
"objects/weapon-shotgun/assembly-8.png","docs/images/report/objects/weapon-shotgun/assembly-8.png","52BAD1E6C8452888F2D5F442660B281568B7FA55566BA9011FF306F0C267029B"
"objects/weapon-shotgun/assembly-9.png","docs/images/report/objects/weapon-shotgun/assembly-9.png","1BB890817A0AE935E441E8F3EF4B9776E823BB2DFEA73F3EA57BAF8EAE4B323D"
"assets/textures/concrete.ppm","docs/images/report/textures/concrete.png","E253307E71029A10AFAA074F2BA3C204C3EC7CDB32F9ABD1A2EBF5DB4FE2EE55"
"assets/textures/fabric.ppm","docs/images/report/textures/fabric.png","03B06B4933092E5187B4974848899A4FFFF449DC4CDCE280003526674D86CD1F"
"assets/textures/gravel.ppm","docs/images/report/textures/gravel.png","6ABDBBC3B608B354E8445FC57B4AF6B4FA3171AC6898FCCCA2FB4BEC834C0241"
"assets/textures/masonry.ppm","docs/images/report/textures/masonry.png","3053D083B4CCCA6C88C81640E82708DE67CA729FCB39323429FA309F55F0D506"
"assets/textures/metal.ppm","docs/images/report/textures/metal.png","AE376968C97F7C9F9C2A92CB534032FFFD8AD3E264B87093A8F07AED90194CE6"
"assets/textures/paper.ppm","docs/images/report/textures/paper.png","1CDB38E512AEF84433D1E1603A4B3C452622BAB3800E5D9E90CD37109DCAC2E5"
"assets/textures/plain.ppm","docs/images/report/textures/plain.png","3E626641CB675A25D1B0DB30779D7F0A237D7A8D17E26DB98246578ED96FAF11"
"assets/textures/rubber.ppm","docs/images/report/textures/rubber.png","6BB87B23DC19EB854040E15E70854370A6A5F7AD3752AF0665A9D75E3231066B"
"assets/textures/wood.ppm","docs/images/report/textures/wood.png","9E044269F74B99A30EC31EB6ADEC178646D835B7DADF7D4CC0E8EE209C6E8EA2"
